ticket_id,comments
1024,O atendimento foi incrível! Resolveram meu problema em poucos minutos e ainda deram dicas para evitar futuros transtornos.
1029,"Equipe super atenciosa, explicou cada passo durante o suporte. Fiquei muito satisfeito com a solução apresentada."
1043,"Suporte técnico de altíssimo nível, solucionaram uma questão complexa com muita rapidez. Recomendo a todos!"
1054,"Atendimento excelente, com retorno rápido e eficiente. O técnico foi educado e resolveu tudo sem complicações."
1057,"Fui muito bem atendido, o suporte foi ágil e resolveu meu problema logo na primeira ligação. Parabéns à equipe!"
1064,"Gostei muito do atendimento, o técnico foi paciente e explicou tudo detalhadamente. Problema resolvido sem estresse."
1069,"A equipe de suporte foi extremamente eficiente, entenderam meu problema e me ajudaram a encontrar a melhor solução."
1072,Atendimento nota 10! Resolveram meu problema rapidamente e ainda me orientaram sobre prevenção de falhas.
1076,"Recebi um atendimento diferenciado, com muita atenção aos detalhes. Meu problema foi solucionado com excelência."
1082,"O suporte foi impecável, desde o primeiro contato até a resolução. Muito obrigado por toda a dedicação."
1085,"Equipe muito preparada, conseguiu resolver uma situação urgente em tempo recorde. Estou muito satisfeito."
1087,"O atendimento foi rápido, eficiente e muito cordial. Fiquei impressionado com a qualidade do suporte prestado."
1104,"Agradeço pelo suporte prestado, fui atendido prontamente e meu problema foi resolvido sem maiores dificuldades."
1107,"O técnico foi muito educado, paciente e resolveu meu problema em poucos minutos. Excelente atendimento!"
1114,"Equipe de suporte muito qualificada, conseguiu identificar e corrigir o erro de forma rápida e eficiente."
1129,"Atendimento excelente, resolveram minha solicitação em tempo recorde e com muita atenção aos detalhes."
1131,"Recebi um atendimento muito cordial, o técnico foi paciente e explicou todas as etapas da solução."
1134,"Fiquei muito satisfeito com o atendimento, o suporte foi ágil e resolveu meu problema sem complicações."
1159,"O suporte foi muito eficiente, solucionou meu problema com rapidez e ainda me orientou sobre prevenção."
1162,"Equipe muito prestativa, atendeu prontamente e resolveu tudo com muita competência e profissionalismo."
1164,"Excelente atendimento, desde o primeiro contato até a finalização do chamado. Recomendo fortemente."
1175,"O suporte foi extremamente eficiente, solucionou meu problema de forma rápida e com muita clareza."
1179,"Recebi um atendimento muito bom, o técnico foi atencioso e resolveu tudo de forma clara e objetiva."
1183,"Atendimento impecável, equipe muito bem treinada e preparada para resolver qualquer situação."
1209,"O suporte foi excelente, resolveram meu problema rapidamente e ainda deram dicas para evitar futuros erros."
1213,"Fui atendido com muita atenção e profissionalismo, o técnico resolveu tudo de forma eficiente."
1214,"O atendimento foi muito bom, o técnico foi claro nas explicações e resolveu meu problema com rapidez."
1228,"Equipe de suporte muito eficiente, solucionou meu problema em poucos minutos e com muita cordialidade."
1246,"Atendimento ágil e eficiente, o técnico foi muito educado e resolveu tudo rapidamente."
1274,"O suporte foi excelente, solucionou meu problema de forma rápida e ainda me orientou sobre prevenção."
1288,"Recebi um atendimento muito bom, o técnico foi atencioso e resolveu tudo de forma clara e objetiva."
1298,"Atendimento impecável, equipe muito bem treinada e preparada para resolver qualquer situação."
1306,"O suporte foi excelente, resolveram meu problema rapidamente e ainda deram dicas para evitar futuros erros."
1307,"Fui atendido com muita atenção e profissionalismo, o técnico resolveu tudo de forma eficiente."
1325,"O atendimento foi muito bom, o técnico foi claro nas explicações e resolveu meu problema com rapidez."
1340,"Equipe de suporte muito eficiente, solucionou meu problema em poucos minutos e com muita cordialidade."
1350,"Atendimento ágil e eficiente, o técnico foi muito educado e resolveu tudo rapidamente."
1354,"O suporte foi excelente, solucionou meu problema de forma rápida e ainda me orientou sobre prevenção."
1376,"Recebi um atendimento muito bom, o técnico foi atencioso e resolveu tudo de forma clara e objetiva."
1377,"Atendimento impecável, equipe muito bem treinada e preparada para resolver qualquer situação."
1388,"O suporte foi excelente, resolveram meu problema rapidamente e ainda deram dicas para evitar futuros erros."
1015,"O atendimento foi bom, mas demorou um pouco para identificar o problema. No final, tudo foi resolvido satisfatoriamente."
1021,"Equipe atenciosa, mas o tempo de espera poderia ser menor. O técnico solucionou meu problema de forma eficiente."
1026,"O suporte foi eficiente, mas senti falta de um acompanhamento após a resolução do problema."
1030,"Atendimento bom, o técnico foi educado e resolveu meu problema, mas demorou um pouco mais do que o esperado."
1049,"Fui bem atendido, mas o tempo para retorno poderia ser melhor. No geral, fiquei satisfeito com a solução."
1050,"O suporte resolveu meu problema, mas a comunicação poderia ser mais clara durante o atendimento."
1055,"Atendimento de qualidade, mas tive que aguardar um pouco para ser atendido. No final, tudo certo."
1071,"A equipe foi eficiente, mas o tempo de resposta poderia ser mais rápido. Problema resolvido."
1074,"O atendimento foi bom, mas precisei ligar duas vezes para conseguir resolver meu problema."
1088,"O suporte foi prestativo, mas demorou para identificar a causa do problema. No final, tudo resolvido."
1108,"Equipe de suporte bem treinada, mas senti falta de um retorno mais rápido ao meu chamado."
1144,"O atendimento foi eficiente, mas poderia ter sido mais ágil. No geral, fiquei satisfeito com o suporte."
1153,"O suporte resolveu meu problema, mas a explicação poderia ter sido mais detalhada."
1166,"Atendimento bom, mas tive que aguardar um pouco para ser atendido. No final, tudo certo."
1169,"O técnico foi educado e resolveu meu problema, mas o tempo de espera foi maior do que o esperado."
1182,"O suporte foi eficiente, mas senti falta de um acompanhamento após a resolução do problema."
1211,"Atendimento bom, o técnico foi educado e resolveu meu problema, mas demorou um pouco mais do que o esperado."
1224,"Fui bem atendido, mas o tempo para retorno poderia ser melhor. No geral, fiquei satisfeito com a solução."
1237,"O suporte resolveu meu problema, mas a comunicação poderia ser mais clara durante o atendimento."
1238,"Atendimento de qualidade, mas tive que aguardar um pouco para ser atendido. No final, tudo certo."
1247,"A equipe foi eficiente, mas o tempo de resposta poderia ser mais rápido. Problema resolvido."
1258,"O atendimento foi bom, mas precisei ligar duas vezes para conseguir resolver meu problema."
1260,"O suporte foi prestativo, mas demorou para identificar a causa do problema. No final, tudo resolvido."
1268,"Equipe de suporte bem treinada, mas senti falta de um retorno mais rápido ao meu chamado."
1273,"O atendimento foi eficiente, mas poderia ter sido mais ágil. No geral, fiquei satisfeito com o suporte."
1279,"O suporte resolveu meu problema, mas a explicação poderia ter sido mais detalhada."
1283,"Atendimento bom, mas tive que aguardar um pouco para ser atendido. No final, tudo certo."
1286,"O técnico foi educado e resolveu meu problema, mas o tempo de espera foi maior do que o esperado."
1291,"O suporte foi eficiente, mas senti falta de um acompanhamento após a resolução do problema."
1318,"Atendimento bom, o técnico foi educado e resolveu meu problema, mas demorou um pouco mais do que o esperado."
1326,"Fui bem atendido, mas o tempo para retorno poderia ser melhor. No geral, fiquei satisfeito com a solução."
1336,"O suporte resolveu meu problema, mas a comunicação poderia ser mais clara durante o atendimento."
1337,"Atendimento de qualidade, mas tive que aguardar um pouco para ser atendido. No final, tudo certo."
1374,"A equipe foi eficiente, mas o tempo de resposta poderia ser mais rápido. Problema resolvido."
1375,"O atendimento foi bom, mas precisei ligar duas vezes para conseguir resolver meu problema."
1379,"O suporte foi prestativo, mas demorou para identificar a causa do problema. No final, tudo resolvido."
1395,"Equipe de suporte bem treinada, mas senti falta de um retorno mais rápido ao meu chamado."
1398,"O atendimento foi eficiente, mas poderia ter sido mais ágil. No geral, fiquei satisfeito com o suporte."
1400,"O suporte resolveu meu problema, mas a explicação poderia ter sido mais detalhada."
1413,"Atendimento bom, mas tive que aguardar um pouco para ser atendido. No final, tudo certo."
1420,"O técnico foi educado e resolveu meu problema, mas o tempo de espera foi maior do que o esperado."
1450,"O suporte foi eficiente, mas senti falta de um acompanhamento após a resolução do problema."
1473,"Atendimento bom, o técnico foi educado e resolveu meu problema, mas demorou um pouco mais do que o esperado."
1474,"Fui bem atendido, mas o tempo para retorno poderia ser melhor. No geral, fiquei satisfeito com a solução."
1478,"O suporte resolveu meu problema, mas a comunicação poderia ser mais clara durante o atendimento."
1483,"Atendimento de qualidade, mas tive que aguardar um pouco para ser atendido. No final, tudo certo."
1484,"A equipe foi eficiente, mas o tempo de resposta poderia ser mais rápido. Problema resolvido."
1487,"O atendimento foi bom, mas precisei ligar duas vezes para conseguir resolver meu problema."
1489,"O suporte foi prestativo, mas demorou para identificar a causa do problema. No final, tudo resolvido."
1012,"Atendimento razoável, demorou bastante para resolver o problema, mas no final consegui utilizar o sistema normalmente."
1018,"O suporte conseguiu resolver, mas precisei explicar várias vezes o que estava acontecendo. Poderia ser mais ágil."
1025,"O atendimento foi suficiente, mas senti falta de mais clareza nas explicações e de um retorno mais rápido."
1038,"Demorou para ser atendido e o técnico parecia estar com pressa, mas o problema foi resolvido."
1065,"O suporte resolveu o problema, mas tive que insistir bastante para que entendessem minha situação."
1073,"Atendimento regular, o técnico resolveu, mas faltou simpatia e clareza nas explicações."
1080,"A solução foi apresentada, mas precisei aguardar muito tempo até ser atendido pelo suporte."
1105,"O atendimento foi funcional, mas poderia ser mais rápido e com explicações mais detalhadas."
1109,"O suporte resolveu, mas não senti muita segurança nas orientações passadas durante o atendimento."
1128,"Fui atendido, mas precisei repetir o problema várias vezes até conseguirem entender e resolver."
1132,"O atendimento resolveu meu problema, mas demorou e faltou clareza nas explicações do técnico."
1146,"O suporte foi suficiente, mas o tempo de espera poderia ser menor e as orientações mais claras."
1147,"Atendimento razoável, o técnico resolveu, mas parecia estar com pressa e não explicou direito."
1148,"A solução foi dada, mas o atendimento poderia ser mais cordial e eficiente."
1152,"O suporte resolveu, mas precisei aguardar muito tempo e o técnico não explicou direito."
1155,"Atendimento suficiente, mas senti falta de mais atenção e clareza nas explicações."
1158,"O atendimento foi funcional, mas o tempo de espera foi maior do que o esperado."
1167,"O suporte resolveu, mas não senti muita segurança nas orientações passadas durante o atendimento."
1174,"Fui atendido, mas precisei repetir o problema várias vezes até conseguirem entender e resolver."
1186,"O atendimento resolveu meu problema, mas demorou e faltou clareza nas explicações do técnico."
1206,"O suporte foi suficiente, mas o tempo de espera poderia ser menor e as orientações mais claras."
1220,"Atendimento razoável, o técnico resolveu, mas parecia estar com pressa e não explicou direito."
1222,"A solução foi dada, mas o atendimento poderia ser mais cordial e eficiente."
1234,"O suporte resolveu, mas precisei aguardar muito tempo e o técnico não explicou direito."
1254,"Atendimento suficiente, mas senti falta de mais atenção e clareza nas explicações."
1255,"O atendimento foi funcional, mas o tempo de espera foi maior do que o esperado."
1256,"O suporte resolveu, mas não senti muita segurança nas orientações passadas durante o atendimento."
1259,"Fui atendido, mas precisei repetir o problema várias vezes até conseguirem entender e resolver."
1275,"O atendimento resolveu meu problema, mas demorou e faltou clareza nas explicações do técnico."
1278,"O suporte foi suficiente, mas o tempo de espera poderia ser menor e as orientações mais claras."
1016,O atendimento foi lento e pouco eficiente. Precisei ligar várias vezes para conseguir resolver o problema.
1017,"O suporte demorou demais para retornar e, mesmo assim, não resolveu totalmente meu problema."
1041,"Atendimento insatisfatório, precisei insistir muito para conseguir uma solução que não foi definitiva."
1044,O técnico não parecia preparado e demorou muito para entender o problema. Atendimento deixou a desejar.
1075,"O suporte não conseguiu resolver meu problema de forma eficiente, tive que buscar outra solução."
1078,"Atendimento demorado, o técnico não explicou direito e não resolveu completamente o problema."
1110,"O atendimento foi ruim, precisei insistir para conseguir uma resposta e ainda assim não resolveu tudo."
1151,O suporte demorou muito para atender e não resolveu meu problema de forma satisfatória.
1181,"Atendimento abaixo do esperado, o técnico não soube resolver e precisei buscar ajuda em outro lugar."
1242,"O suporte não foi eficiente, precisei explicar várias vezes e ainda assim o problema não foi resolvido."
1269,"Atendimento lento, o técnico parecia não saber o que estava fazendo e não resolveu meu problema."
1292,O suporte demorou demais para atender e não conseguiu resolver meu problema de forma eficiente.
1334,"Atendimento insatisfatório, precisei insistir muito para conseguir uma solução que não foi definitiva."
1408,O técnico não parecia preparado e demorou muito para entender o problema. Atendimento deixou a desejar.
1468,"O suporte não conseguiu resolver meu problema de forma eficiente, tive que buscar outra solução."
1063,"Atendimento péssimo, não resolveram meu problema e ainda fui mal atendido pelo técnico do suporte."
1068,"O suporte foi totalmente ineficiente, precisei buscar ajuda externa para resolver o que precisava."
1095,"Fui muito mal atendido, o técnico não soube resolver e ainda foi grosseiro durante o atendimento."
1097,"O atendimento foi desrespeitoso, não resolveram nada e ainda tive que esperar muito tempo."
1126,"Péssimo atendimento, não recomendo. O suporte não resolveu meu problema e ainda fui tratado com descaso."
1637,Cliente relatou que o problema persiste após reinicialização do sistema. Necessário escalar para N2.
9999,teste
